<?xml version="1.0" encoding="UTF-8"?>
<beans xmlns="http://www.springframework.org/schema/beans"
       xmlns:xsi="http://www.w3.org/2001/XMLSchema-instance"
       xmlns:p="http://www.springframework.org/schema/p"
       xmlns:aop="http://www.springframework.org/schema/aop"
       xmlns:tx="http://www.springframework.org/schema/tx"
       xsi:schemaLocation="http://www.springframework.org/schema/beans http://www.springframework.org/schema/beans/spring-beans.xsd
       http://www.springframework.org/schema/aop http://www.springframework.org/schema/aop/spring-aop.xsd
       http://www.springframework.org/schema/tx http://www.springframework.org/schema/tx/spring-tx.xsd">
    <!--
    <bean id="dataSource" class="org.apache.commons.dbcp.BasicDataSource" destroy-method="close">
		<property name="driverClassName" value="${db.driver}"/>
		<property name="url" value="${db.url}: ${db.name}"/>
		<property name="username" value="${db.username}"/>
		<property name="password" value="${db.password}"/>
		<property name="maxIdle" value="3000"/>
        <property name="maxWait" value="10000"/>
        <property name="defaultAutoCommit" value="true"/>
        <property name="removeAbandoned" value="true"/>
        <property name="removeAbandonedTimeout" value="600"/>
        <property name="initialSize" value="4" />
        <property name="maxActive" value="24" />
	</bean>
    -->
    <bean id="dataSource" class="org.springframework.jndi.JndiObjectFactoryBean">
        <property name="jndiName" value="jdbc/equalDS"/>
    </bean>
</beans>