<?xml version="1.0" encoding="UTF-8"?>
<wls:weblogic-web-app
	xmlns:wls="http://xmlns.oracle.com/weblogic/weblogic-web-app"
	xmlns:xsi="http://www.w3.org/2001/XMLSchema-instance"
	xsi:schemaLocation="http://java.sun.com/xml/ns/javaee http://java.sun.com/xml/ns/javaee/web-app_2_5.xsd http://xmlns.oracle.com/weblogic/weblogic-web-app http://xmlns.oracle.com/weblogic/weblogic-web-app/1.3/weblogic-web-app.xsd">
	<wls:container-descriptor>
		<wls:prefer-web-inf-classes>true</wls:prefer-web-inf-classes>
	</wls:container-descriptor>

	<wls:security-role-assignment>
		<wls:role-name>valid-users</wls:role-name>
		<wls:principal-name>users</wls:principal-name>
	</wls:security-role-assignment>
	<wls:context-root>equal</wls:context-root>
	<wls:session-descriptor>
		<wls:tracking-enabled>true</wls:tracking-enabled>
		<wls:sharing-enabled>false</wls:sharing-enabled>
		<wls:cookies-enabled>true</wls:cookies-enabled>
		<wls:persistent-store-type>replicated_if_clustered</wls:persistent-store-type>
		<wls:url-rewriting-enabled>true</wls:url-rewriting-enabled>
	</wls:session-descriptor>
</wls:weblogic-web-app>